{
    "loss": 0.6133027672767639,
    "accuracy": 0.9396551847457886
}